{
    "name": "watermark",
    "title": "jQuery watermark",
    "version": "1.0.2",
    "description": "Watermark plugin that displays watermark text for inputs.",
    "author": {
        "name": "Dmitriy Nosenko",
        "email": "aesir.net@gmail.com",
        "url": "https://github.com/aesir-net/jquery-watermark/blob/master/AUTHORS"
    },
    "maintainers": [
        {
            "name": "Sergey Ignatiev",
            "email": "ignatiev.dev@gmail.com",
            "url": "http://sergey-ignatiev.com"
        }
    ],
    "licenses": [
        {
            "type": "MIT",
            "url": "http://opensource.org/licenses/MIT"
        }
    ],
    "homepage": "https://github.com/aesir-net/jquery-watermark",
    "dependencies": {
        "jquery": ">=1.7"
    }
}